-- insert into class_year (id, name) values (1, 'Year 1');
-- insert into class_year (id, name) values (2, 'Year 2');
-- insert into class_year (id, name) values (3, 'Year 3');
-- insert into class_year (id, name) values (4, 'Year 4');
-- insert into class_year (id, name) values (5, 'Year 4');

-- insert into subject_class (id, class_year_id, subject_id) values (1, 1, 1);
-- insert into subject_class (id, class_year_id, subject_id) values (1, 1, 2);
-- insert into subject_class (id, class_year_id, subject_id) values (1, 1, 3);
-- insert into subject_class (id, class_year_id, subject_id) values (1, 1, 4);
-- insert into subject_class (id, class_year_id, subject_id) values (1, 1, 5);
-- insert into subject_class (id, class_year_id, subject_id) values (1, 2, 1);
-- insert into subject_class (id, class_year_id, subject_id) values (1, 2, 2);
-- insert into subject_class (id, class_year_id, subject_id) values (1, 2, 3);
-- insert into subject_class (id, class_year_id, subject_id) values (1, 2, 4);
-- insert into subject_class (id, class_year_id, subject_id) values (1, 2, 5);
-- insert into subject_class (id, class_year_id, subject_id) values (1, 3, 1);
-- insert into subject_class (id, class_year_id, subject_id) values (1, 3, 2);
-- insert into subject_class (id, class_year_id, subject_id) values (1, 3, 3);
-- insert into subject_class (id, class_year_id, subject_id) values (1, 3, 4);
-- insert into subject_class (id, class_year_id, subject_id) values (1, 3, 5);
-- insert into subject_class (id, class_year_id, subject_id) values (1, 4, 1);
-- insert into subject_class (id, class_year_id, subject_id) values (1, 4, 2);
-- insert into subject_class (id, class_year_id, subject_id) values (1, 4, 3);
-- insert into subject_class (id, class_year_id, subject_id) values (1, 4, 4);
-- insert into subject_class (id, class_year_id, subject_id) values (1, 4, 5);
-- insert into subject_class (id, class_year_id, subject_id) values (1, 5, 1);
-- insert into subject_class (id, class_year_id, subject_id) values (1, 5, 2);
-- insert into subject_class (id, class_year_id, subject_id) values (1, 5, 3);
-- insert into subject_class (id, class_year_id, subject_id) values (1, 5, 4);
-- insert into subject_class (id, class_year_id, subject_id) values (1, 5, 5);




-- -- insert into class (id, name) values (1, 'Year 1');
-- -- insert into class (id, name) values (2, 'Year 2');
-- -- insert into class (id, name) values (3, 'Year 3');
-- -- insert into class (id, name) values (4, 'Year 4');
-- -- insert into class (id, name) values (5, 'Year 5');

-- insert into student (id, first_name, last_name, date_of_birth, address_1, address_2, city, post_code, email, telephone_number, class_id) values (1, 'Bron', 'Fevers', '9/3/1989', '96 Everett Court', '9 Emmet Circle', 'Paola', 'Hilly', 'bfevers0@ow.ly', '01010101', 1);
-- insert into student (id, first_name, last_name, date_of_birth, address_1, address_2, city, post_code, email, telephone_number, class_id) values (2, 'Luelle', 'Cowlam', '3/2/2005', '215 Golden Leaf Court', '50052 Scott Drive', 'Ūdalah', 'Roderick', 'pcowlam1@squarespace.com', '02020202', 1);
-- insert into student (id, first_name, last_name, date_of_birth, address_1, address_2, city, post_code, email, telephone_number, class_id) values (3, 'Esma', 'Starsmore', '8/3/2010', '494 Maple Wood Place', '1328 Anderson Park', 'Mautapaga Bawah', 'Aile', 'estarsmore2@pbs.org', '03030303', 1);
-- insert into student (id, first_name, last_name, date_of_birth, address_1, address_2, city, post_code, email, telephone_number, class_id) values (4, 'Karyn', 'Panther', '3/11/2001', '4474 Tomscot Place', '90206 Quincy Avenue', 'Kouvarás', 'Nance', 'dpanther3@umich.edu', '04040404', 1);
-- insert into student (id, first_name, last_name, date_of_birth, address_1, address_2, city, post_code, email, telephone_number, class_id) values (5, 'Emmye', 'Colleymore', '11/18/1990', '20844 Rusk Place', '547 Melrose Center', 'Nanjing', 'Jareb', 'jcolleymore4@barnesandnoble.com', '05050505', 2);
-- insert into student (id, first_name, last_name, date_of_birth, address_1, address_2, city, post_code, email, telephone_number, class_id) values (6, 'Rochelle', 'Vieyra', '9/28/2006', '43 Melody Circle', '056 Springs Park', 'Khao Wong', 'Fletcher', 'evieyra5@cocolog-nifty.com', '06060606', 2);
-- insert into student (id, first_name, last_name, date_of_birth, address_1, address_2, city, post_code, email, telephone_number, class_id) values (7, 'Crichton', 'Tallyn', '9/17/1985', '74166 Lake View Alley', '05179 Kings Trail', 'Taganskiy', 'Henry', 'wtallyn6@github.io', '07070707', 2);
-- insert into student (id, first_name, last_name, date_of_birth, address_1, address_2, city, post_code, email, telephone_number, class_id) values (8, 'Clo', 'Meriel', '8/17/1988', '016 Thompson Pass', '70 Rutledge Park', 'Pavlovka', 'Cindy', 'ameriel7@slate.com', '08080808', 2);
-- insert into student (id, first_name, last_name, date_of_birth, address_1, address_2, city, post_code, email, telephone_number, class_id) values (9, 'Haroun', 'Vannoni', '5/12/1994', '09 Graedel Court', '87564 Oak Valley Circle', 'Palmas De Gran Canaria, Las', 'Lina', 'gvannoni8@pbs.org', '08080808', 3);
-- insert into student (id, first_name, last_name, date_of_birth, address_1, address_2, city, post_code, email, telephone_number, class_id) values (10, 'Matthieu', 'Darkin', '11/23/1993', '5859 Bartelt Point', '5130 Warbler Point', 'Rajadesa', 'Parsifal', 'kdarkin9@theatlantic.com', '09090909', 3);
-- insert into student (id, first_name, last_name, date_of_birth, address_1, address_2, city, post_code, email, telephone_number, class_id) values (11, 'Katharine', 'Prate', '9/15/1996', '9 Mesta Junction', '3 Moose Drive', 'Bessonovka', 'Ellwood', 'spratea@nydailynews.com', '11111111', 3);
-- insert into student (id, first_name, last_name, date_of_birth, address_1, address_2, city, post_code, email, telephone_number, class_id) values (12, 'Ealasaid', 'Towler', '10/24/2007', '73582 Spohn Point', '5 Carpenter Junction', 'Digdig', 'Ellary', 'btowlerb@blogs.com', '12121212', 3);
-- insert into student (id, first_name, last_name, date_of_birth, address_1, address_2, city, post_code, email, telephone_number, class_id) values (13, 'Fraze', 'Skeete', '5/10/2009', '1 Heath Junction', '0 Scoville Way', 'Ceper', 'Bone', 'dskeetec@tamu.edu', '13131313', 4);
-- insert into student (id, first_name, last_name, date_of_birth, address_1, address_2, city, post_code, email, telephone_number, class_id) values (14, 'Ryan', 'Brayshay', '1/1/1988', '34078 Welch Road', '2 Tony Hill', 'Frýdek-Místek', 'Georg', 'lbrayshayd@cyberchimps.com', '14141414', 4);
-- insert into student (id, first_name, last_name, date_of_birth, address_1, address_2, city, post_code, email, telephone_number, class_id) values (15, 'Clim', 'Mehew', '6/27/2004', '68 Westridge Lane', '3 Talmadge Trail', 'Wiesbaden', 'Shay', 'omehewe@feedburner.com', '15151515', 4);
-- insert into student (id, first_name, last_name, date_of_birth, address_1, address_2, city, post_code, email, telephone_number, class_id) values (16, 'Field', 'Redler', '3/2/1998', '7708 Stephen Street', '20 Fulton Lane', 'Sabi', 'Reggie', 'lredlerf@ted.com', '16161616', 4);
-- insert into student (id, first_name, last_name, date_of_birth, address_1, address_2, city, post_code, email, telephone_number, class_id) values (17, 'Bailey', 'Eschelle', '8/4/2004', '7256 Macpherson Plaza', '4 Continental Way', 'Al Manqaf', 'Yorgo', 'veschelleg@twitpic.com', '17171717', 5);
-- insert into student (id, first_name, last_name, date_of_birth, address_1, address_2, city, post_code, email, telephone_number, class_id) values (18, 'Matilde', 'Hasted', '6/12/1999', '59 Gale Drive', '53587 Ronald Regan Hill', 'Beaconsfield', 'Catlin', 'bhastedh@paypal.com', '18181818', 5);
-- insert into student (id, first_name, last_name, date_of_birth, address_1, address_2, city, post_code, email, telephone_number, class_id) values (19, 'Jocelyne', 'Gligorijevic', '7/19/1988', '576 Homewood Avenue', '9 Ilene Park', 'Savyon', 'Analise', 'dgligorijevici@list-manage.com', '19191919', 5);
-- insert into student (id, first_name, last_name, date_of_birth, address_1, address_2, city, post_code, email, telephone_number, class_id) values (20, 'Josy', 'Ledes', '2/12/2001', '455 Arizona Alley', '70 Northview Terrace', 'Skópelos', 'Jackson', 'fledesj@google.it', '20202020', 5);



-- insert into teacher (id, first_name, last_name, date_of_birth, address_1, address_2, city, post_code, email, telephone_number, subject_id) values (1, 'Bron', 'Fevers', '9/3/1989', '96 Everett Court', '9 Emmet Circle', 'Paola', 'Hilly', 'bfevers0@ow.ly', '01010101', 1);
-- insert into teacher (id, first_name, last_name, date_of_birth, address_1, address_2, city, post_code, email, telephone_number, subject_id) values (2, 'Luelle', 'Cowlam', '3/2/2005', '215 Golden Leaf Court', '50052 Scott Drive', 'Ūdalah', 'Roderick', 'pcowlam1@squarespace.com', '02020202', 2);
-- insert into teacher (id, first_name, last_name, date_of_birth, address_1, address_2, city, post_code, email, telephone_number, subject_id) values (3, 'Esma', 'Starsmore', '8/3/2010', '494 Maple Wood Place', '1328 Anderson Park', 'Mautapaga Bawah', 'Aile', 'estarsmore2@pbs.org', '03030303', 3);
-- insert into teacher (id, first_name, last_name, date_of_birth, address_1, address_2, city, post_code, email, telephone_number, subject_id) values (4, 'Karyn', 'Panther', '3/11/2001', '4474 Tomscot Place', '90206 Quincy Avenue', 'Kouvarás', 'Nance', 'dpanther3@umich.edu', '04040404', 4);
-- insert into teacher (id, first_name, last_name, date_of_birth, address_1, address_2, city, post_code, email, telephone_number, subject_id) values (5, 'Emmye', 'Colleymore', '11/18/1990', '20844 Rusk Place', '547 Melrose Center', 'Nanjing', 'Jareb', 'jcolleymore4@barnesandnoble.com', '05050505', 5);
-- insert into teacher (id, first_name, last_name, date_of_birth, address_1, address_2, city, post_code, email, telephone_number, subject_id) values (6, 'Rochelle', 'Vieyra', '9/28/2006', '43 Melody Circle', '056 Springs Park', 'Khao Wong', 'Fletcher', 'evieyra5@cocolog-nifty.com', '06060606', 1);
-- insert into teacher (id, first_name, last_name, date_of_birth, address_1, address_2, city, post_code, email, telephone_number, subject_id) values (7, 'Crichton', 'Tallyn', '9/17/1985', '74166 Lake View Alley', '05179 Kings Trail', 'Taganskiy', 'Henry', 'wtallyn6@github.io', '07070707', 2);
-- insert into teacher (id, first_name, last_name, date_of_birth, address_1, address_2, city, post_code, email, telephone_number, subject_id) values (8, 'Clo', 'Meriel', '8/17/1988', '016 Thompson Pass', '70 Rutledge Park', 'Pavlovka', 'Cindy', 'ameriel7@slate.com', '08080808', 3);
-- insert into teacher (id, first_name, last_name, date_of_birth, address_1, address_2, city, post_code, email, telephone_number, subject_id) values (9, 'Haroun', 'Vannoni', '5/12/1994', '09 Graedel Court', '87564 Oak Valley Circle', 'Palmas De Gran Canaria, Las', 'Lina', 'gvannoni8@pbs.org', '08080808', 4);
-- insert into teacher (id, first_name, last_name, date_of_birth, address_1, address_2, city, post_code, email, telephone_number, subject_id) values (10, 'Matthieu', 'Darkin', '11/23/1993', '5859 Bartelt Point', '5130 Warbler Point', 'Rajadesa', 'Parsifal', 'kdarkin9@theatlantic.com', '09090909', 5);
-- insert into teacher (id, first_name, last_name, date_of_birth, address_1, address_2, city, post_code, email, telephone_number, subject_id) values (11, 'Katharine', 'Prate', '9/15/1996', '9 Mesta Junction', '3 Moose Drive', 'Bessonovka', 'Ellwood', 'spratea@nydailynews.com', '11111111', 1);
-- insert into teacher (id, first_name, last_name, date_of_birth, address_1, address_2, city, post_code, email, telephone_number, subject_id) values (12, 'Ealasaid', 'Towler', '10/24/2007', '73582 Spohn Point', '5 Carpenter Junction', 'Digdig', 'Ellary', 'btowlerb@blogs.com', '12121212', 2);
-- insert into teacher (id, first_name, last_name, date_of_birth, address_1, address_2, city, post_code, email, telephone_number, subject_id) values (13, 'Fraze', 'Skeete', '5/10/2009', '1 Heath Junction', '0 Scoville Way', 'Ceper', 'Bone', 'dskeetec@tamu.edu', '13131313', 3);
-- insert into teacher (id, first_name, last_name, date_of_birth, address_1, address_2, city, post_code, email, telephone_number, subject_id) values (14, 'Ryan', 'Brayshay', '1/1/1988', '34078 Welch Road', '2 Tony Hill', 'Frýdek-Místek', 'Georg', 'lbrayshayd@cyberchimps.com', '14141414', 4);
-- insert into teacher (id, first_name, last_name, date_of_birth, address_1, address_2, city, post_code, email, telephone_number, subject_id) values (15, 'Clim', 'Mehew', '6/27/2004', '68 Westridge Lane', '3 Talmadge Trail', 'Wiesbaden', 'Shay', 'omehewe@feedburner.com', '15151515', 5);
-- insert into teacher (id, first_name, last_name, date_of_birth, address_1, address_2, city, post_code, email, telephone_number, subject_id) values (16, 'Field', 'Redler', '3/2/1998', '7708 Stephen Street', '20 Fulton Lane', 'Sabi', 'Reggie', 'lredlerf@ted.com', '16161616', 1);
-- insert into teacher (id, first_name, last_name, date_of_birth, address_1, address_2, city, post_code, email, telephone_number, subject_id) values (17, 'Bailey', 'Eschelle', '8/4/2004', '7256 Macpherson Plaza', '4 Continental Way', 'Al Manqaf', 'Yorgo', 'veschelleg@twitpic.com', '17171717', 2);
-- insert into teacher (id, first_name, last_name, date_of_birth, address_1, address_2, city, post_code, email, telephone_number, subject_id) values (18, 'Matilde', 'Hasted', '6/12/1999', '59 Gale Drive', '53587 Ronald Regan Hill', 'Beaconsfield', 'Catlin', 'bhastedh@paypal.com', '18181818', 3);
-- insert into teacher (id, first_name, last_name, date_of_birth, address_1, address_2, city, post_code, email, telephone_number, subject_id) values (19, 'Jocelyne', 'Gligorijevic', '7/19/1988', '576 Homewood Avenue', '9 Ilene Park', 'Savyon', 'Analise', 'dgligorijevici@list-manage.com', '19191919', 4);
-- insert into teacher (id, first_name, last_name, date_of_birth, address_1, address_2, city, post_code, email, telephone_number, subject_id) values (20, 'Josy', 'Ledes', '2/12/2001', '455 Arizona Alley', '70 Northview Terrace', 'Skópelos', 'Jackson', 'fledesj@google.it', '20202020', 5);